Catégorie;Français;Shimaoré;Audio Shimaoré;Kibouchi;Audio Kibouchi;Corrections / Notes
adjectifs;Amoureux;ouvendza;NON;mitiya;NON;
adjectifs;Ancien;halé;NON;kèyi;NON;
adjectifs;Beau/jolie;mzouri;NON;zatovou;NON;
adjectifs;Bon;mwéma;NON;tsara;NON;
adjectifs;Bête;dhaba;NON;dhaba;NON;
adjectifs;Calme;baridi;NON;malémi;NON;
adjectifs;Chaud;moro;NON;méyi;NON;
adjectifs;Colère;hadabou;NON;méloukou;NON;
adjectifs;Content;oujiviwa;NON;ravou;NON;
adjectifs;Court;coutri;NON;fohiki;NON;
adjectifs;Difficile;ndziro;NON;mahéri;NON;
adjectifs;Drôle;outsésa;NON;mampimohi;NON;
adjectifs;Dur;mangavou;NON;mahéri;NON;
adjectifs;Facile;ndzangou;NON;mora;NON;
adjectifs;Fatigué;ouléméwa;NON;vaha;NON;
adjectifs;Faux;trambo;NON;vandi;NON;
adjectifs;Fermé;oubala;NON;migadra;NON;
adjectifs;Fier;oujiviwa;NON;ravou;NON;
adjectifs;Fort;ouna ngouvou;NON;missi ngouvou;NON;
adjectifs;Froid;baridi;NON;manintsi;NON;
adjectifs;Fâché;ouja hassira;NON;méloukou;NON;
adjectifs;Gentil;mwéma;NON;tsara rohou;NON;
adjectifs;Grand;bolé;NON;bé;NON;
adjectifs;Gros;mtronga/tronga;NON;bé;NON;
adjectifs;Honteux;ouona haya;NON;mampiflingnatia;NON;
adjectifs;Important;mouhimou;NON;mouhimou;NON;
adjectifs;Inquiet;ouna hamo;NON;miyéfitri/kouchanga;NON;
adjectifs;Intelligent;mstanrabou;NON;tsara louha;NON;
adjectifs;Inutile;kassina mana;NON;tsissi fotouri;NON;
adjectifs;Jeune;nrétsa;NON;zaza;NON;
adjectifs;Laid;tsi ndzouzouri;NON;ratsi sora;NON;
adjectifs;Long;drilé;NON;habou;NON;
adjectifs;Lourd;ndziro;NON;mavéchatra;NON;
adjectifs;Léger;ndzangou;NON;mivivagna;NON;
adjectifs;Maigre;tsala;NON;mahia;NON;
adjectifs;Mauvais;mbovou;NON;mwadéli;NON;
adjectifs;Mou;trémboivou;NON;malémi;NON;
adjectifs;Méchant;mbovou;NON;ratsi rohou;NON;
adjectifs;Nerveux;oussikitiha;NON;téhi téhitri;NON;
adjectifs;Nouveau;piya;NON;vowou;NON;
adjectifs;Ouvert;ouboua;NON;mibiyangna;NON;
adjectifs;Pauvre;maskini;NON;maskini;NON;
adjectifs;Petit;titi;NON;héli;NON;
adjectifs;Propre;irahara;NON;madiou;NON;
adjectifs;Riche;tadjiri;NON;tadjiri;NON;
adjectifs;Sale;trotro;NON;maloutou;NON;
adjectifs;Satisfait;oufourahi;NON;ravou;NON;
adjectifs;Surpris;oumarouha;NON;téhitri;NON;
adjectifs;Sérieux;kassidi;NON;koussoudi;NON;
adjectifs;Triste;ouna hamo;NON;malahélou;NON;
adjectifs;Vieux;dhouha;NON;héla;NON;
adjectifs;Vrai;kwéli;NON;ankitigni;NON;
animaux;Abeille;niochi;animaux/Niochi.m4a;antéli;animaux/Niochi.m4a;
animaux;Araignée;shitrandrabwibwi;animaux/Ndra.m4a;bibi ampamani massou;animaux/Ndra.m4a;
animaux;Baleine;ndroujou;animaux/Ndroujou.m4a;;animaux/Ndroujou.m4a;
animaux;Bigorneau;trondro;animaux/Trondro.m4a;trondrou;animaux/Trondro.m4a;
animaux;Bigorno;trondro;animaux/Trondro.m4a;trondrou;animaux/Trondro.m4a;
animaux;Bouc;béwé;animaux/Béwé.m4a;bébérou;animaux/Béwé.m4a;
animaux;Bourdon;vungo vungo;animaux/Vungo vungo.m4a;madjaoumbi;animaux/Vungo vungo.m4a;
animaux;Cafard;kalalawi;animaux/Kalalawi.m4a;kalalowou;animaux/Kalalawi.m4a;
animaux;Caméléon;tarundru;animaux/Tarundru.m4a;tarondru;animaux/Tarundru.m4a;
animaux;Canard;guisi;animaux/Guisi.m4a;doukitri;animaux/Guisi.m4a;
animaux;Chameau;ngamia;animaux/Ngamia.m4a;angamia;animaux/Ngamia.m4a;
animaux;Chat;paha;animaux/Paha.m4a;moirou;animaux/Paha.m4a;
animaux;Chauve souris;drema;animaux/Drema.m4a;fanihi;animaux/Drema.m4a;
animaux;Chenille;bazi;animaux/Bazi.m4a;bibimanguidi;animaux/Bazi.m4a;
animaux;Cheval;poundra;animaux/Poundra.m4a;farassi;animaux/Poundra.m4a;
animaux;Chien;mbwa;animaux/Mbwa.m4a;fadroka;animaux/Mbwa.m4a;
animaux;Chèvre;mbouzi;animaux/Mbouzi.m4a;bengui;animaux/Mbouzi.m4a;
animaux;Civette;founga;animaux/Founga.m4a;angava;animaux/Founga.m4a;
animaux;Cochon;pouroukou;animaux/Pouroukou.m4a;lambou;animaux/Pouroukou.m4a;
animaux;Corbeau;gawa/kwayi;animaux/Kwa.m4a;gouaka;animaux/Kwa.m4a;
animaux;Crabe;dradraka;animaux/Dradraka.m4a;dakatra;animaux/Dradraka.m4a;
animaux;Crevette;camba;animaux/Camba.m4a;ancamba;animaux/Camba.m4a;
animaux;Criquet;furudji;animaux/Furudji.m4a;kidzedza;animaux/Furudji.m4a;
animaux;Crocodile;vwai;animaux/Vwai s.m4a;vwai;animaux/Vwai s.m4a;
animaux;Cône de mer;kwitsi;animaux/Kwitsi.m4a;tsimtipaka;animaux/Kwitsi.m4a;
animaux;Dauphin;moungoumé;animaux/Moungoumé.m4a;fésoutrou;animaux/Moungoumé.m4a;
animaux;Escargot;kowa;animaux/Ancora.m4a;ancora;animaux/Ancora.m4a;
animaux;Fourmis;tjoussou;animaux/Vitsiki.m4a;vitsiki;animaux/Vitsiki.m4a;
animaux;Frelon;chonga;animaux/Chonga.m4a;faraka;animaux/Chonga.m4a;
animaux;Fruit du jaquier;fénéssi;animaux/Fénéssi.m4a;finéssi;animaux/Fénéssi.m4a;
animaux;Grenouille;shiwatrotro;animaux/Shiwatrotro.m4a;sahougnou;animaux/Shiwatrotro.m4a;
animaux;Guêpe;movou;animaux/Movou.m4a;fanintri;animaux/Movou.m4a;
animaux;Huître;gadzassi;animaux/Gadzassi.m4a;sadza;animaux/Gadzassi.m4a;
animaux;Hérisson/tangue;landra;animaux/Landra.m4a;trandraka;animaux/Landra.m4a;
animaux;Lambis;kombé;animaux/Kombé.m4a;mahombi;animaux/Kombé.m4a;
animaux;Lapin;sungura;animaux/Sungura.m4a;shoungoura;animaux/Sungura.m4a;
animaux;Lion;simba;animaux/Simba.m4a;simba;animaux/Simba.m4a;
animaux;Lézard;ngwizi;animaux/Ngwizi.m4a;kitsatsaka;animaux/Ngwizi.m4a;
animaux;Maki;komba;animaux/Komba.m4a;ankoumba;animaux/Komba.m4a;
animaux;Margouillat;kasangwe;animaux/Kasangwe.m4a;kitsatsaka;animaux/Kasangwe.m4a;
animaux;Mille-pattes;mjongo;animaux/Mjongo.m4a;ancoudavitri;animaux/Mjongo.m4a;
animaux;Mouche;ndzi;animaux/Ndzi.m4a;lalitri;animaux/Ndzi.m4a;
animaux;Moustique;manundri;animaux/Manundri.m4a;mokou;animaux/Manundri.m4a;
animaux;Mouton;baribari;animaux/Baribari.m4a;baribari;animaux/Baribari.m4a;
animaux;Oiseau;gnougni;animaux/Gnougni.m4a;vorougnou;animaux/Gnougni.m4a;
animaux;Oursin;gadzassi ya bahari;animaux/Gadzassi ya bahari.m4a;vouli vavi;animaux/Gadzassi ya bahari.m4a;
animaux;Papillon;pelapelaka;animaux/Pelapelaka.m4a;tsipelapelaka;animaux/Pelapelaka.m4a;
animaux;Perroquet;kassoukou;animaux/Kassoukou.m4a;kararokou;animaux/Kassoukou.m4a;
animaux;Phacochère;pouruku nyeha;animaux/Pouruku nyeha.m4a;lambou di;animaux/Pouruku nyeha.m4a;
animaux;Pigeon;ndiwa;animaux/Ndiwa.m4a;ndiwa;animaux/Ndiwa.m4a;
animaux;Pou;ndra;animaux/Pouroukou.m4a;howou;animaux/Pouroukou.m4a;
animaux;Poule;kouhou;animaux/Kouhou.m4a;akohou;animaux/Kouhou.m4a;
animaux;Poulpe;pwedza;animaux/Pwedza.m4a;pwedza;animaux/Pwedza.m4a;
animaux;Puce;kunguni;animaux/Kunguni.m4a;ancongou;animaux/Kunguni.m4a;
animaux;Rat;pouhou;animaux/Pouhou.m4a;voilavou;animaux/Pouhou.m4a;
animaux;Renard;mbwa nyeha;animaux/Mbwa nyeha.m4a;fandroka di;animaux/Mbwa nyeha.m4a;
animaux;Requin;papa;animaux/Papa.m4a;ankiou;animaux/Papa.m4a;
animaux;Scolopendre;trambwi;animaux/Trambwi.m4a;trambougnou;animaux/Trambwi.m4a;
animaux;Scorpion;hala;animaux/Hala.m4a;hala;animaux/Hala.m4a;
animaux;Serpent;nyoha;animaux/Nyoha.m4a;bibi lava;animaux/Nyoha.m4a;
animaux;Singe;djakwe;animaux/Djakwe.m4a;djakouayi;animaux/Djakwe.m4a;
animaux;Souris;shikwetse;animaux/Shikwetse.m4a;voilavou;animaux/Shikwetse.m4a;
animaux;Taureau;kondzo;animaux/Kondzo.m4a;dzow;animaux/Kondzo.m4a;
animaux;Thon;mbassi;animaux/Mbassi.m4a;mbassi;animaux/Mbassi.m4a;
animaux;Tortue;nyamba/katsa;animaux/Fanou.m4a;fanou;animaux/Fanou.m4a;
animaux;Ver de terre;lingoui lingoui;animaux/Lingoui lingoui.m4a;bibi fotaka;animaux/Lingoui lingoui.m4a;
animaux;Zébu;nyombé;animaux/Nyombé.m4a;aoumbi;animaux/Nyombé.m4a;
animaux;Âne;pundra;animaux/Ndra.m4a;ampundra;animaux/Ndra.m4a;
animaux;Éléphant;ndovu;animaux/Ndovu.m4a;ndovu;animaux/Ndovu.m4a;
corps;Arrière du crâne;komoi;NON;kitoika;NON;
corps;Barbe;ndrévou;NON;somboutrou;NON;
corps;Bouche;hangno;NON;vava;NON;
corps;Cheveux;gnélé;NON;fagnèva;NON;
corps;Cheville;dzitso la pwédza;NON;dzitso la pwédza;NON;
corps;Cils;kove;NON;rambou faninti;NON;
corps;Cou;tsingo;NON;vouzougnou;NON;
corps;Côtes;bavou;NON;mbavou;NON;
corps;Dent;magno;NON;hifi;NON;
corps;Doigts;cha;NON;tondrou;NON;
corps;Dos;mengo;NON;vohou;NON;
corps;Fesses;shidzé/mvoumo;NON;fouri;NON;
corps;Front;housso;NON;lahara;NON;
corps;Hanche;trenga;NON;tahezagna;NON;
corps;Joue;savou;NON;fifi;NON;
corps;Langue;oulimé;NON;lela;NON;
corps;Lèvre;dhomo;NON;soungni;NON;
corps;Main;mhono;NON;tanagna;NON;
corps;Menton;shlévou;NON;sokou;NON;
corps;Nez;poua;NON;horougnou;NON;
corps;Ongle;kofou;NON;angofou;NON;
corps;Oreille;kiyo;NON;soufigni;NON;
corps;Peau;ngwezi;NON;ngwezi;NON;
corps;Pied;mindrou;NON;viti;NON;
corps;Pénis;mbo;NON;kaboudzi;NON;
corps;Sourcil;tsi;NON;ankwéssi;NON;
corps;Testicules;kwendzé;NON;vouangarou;NON;
corps;Tête;shitsoi;NON;louha;NON;
corps;Vagin;ndzigni;NON;tingui;NON;
corps;Ventre;mimba;NON;kibou;NON;
corps;Épaule;bèga;NON;haveyi;NON;
corps;Œil;matso;NON;faninti;NON;
couleurs;Blanc;ndjéou;NON;malandi;NON;
couleurs;Bleu;bilé;NON;mayitsou bilé;NON;
couleurs;Gris;djifou;NON;dzofou;NON;
couleurs;Jaune;dzindzano;NON;tamoutamou;NON;
couleurs;Marron;trotro;NON;fotafotaka;NON;
couleurs;Noir;nzidhou;NON;mayintigni;NON;
couleurs;Rouge;nzoukoundrou;NON;mena;NON;
couleurs;Vert;dhavou;NON;mayitsou;NON;
expressions;Appelez la police !;hira sirikali;NON;kahiya sirikali;NON;
expressions;Appelez une ambulance !;hira ambulanci;NON;kahiya ambulanci;NON;
expressions;Avec climatisation ?;ina climatisation;NON;missi climatisation;NON;
expressions;Avec petit déjeuner ?;ina kéya;NON;missi ankera;NON;
expressions;C'est loin ?;ya mbali;NON;lavitri;NON;
expressions;C'est très bon !;issi jiva;NON;matavi soifi;NON;
expressions;Combien la nuit ?;kissagé oukou moja;NON;hotri inou haligni areki;NON;
expressions;Excuse-moi/pardon;soimahani;NON;soimahani;NON;
expressions;J'ai besoin d'un médecin;nistsaha douktera;NON;zahou mila douktera;NON;
expressions;J'ai compris;tsi héléwa;NON;zahou kouéléwa;NON;
expressions;J'ai faim;nissi ona ndza;NON;zahou moussari;NON;
expressions;J'ai soif;nissi ona niyora;NON;zahou tindranou;NON;
expressions;J'arrive de;tsi lawa;NON;zahou boka;NON;
expressions;Je peux avoir des toilettes;nissi miya mraba;NON;zahou mangataka mraba;NON;
expressions;Je prends ça;nissi renga ini;NON;zahou bou angala thi;NON;
expressions;Je voudrais aller à;nissi tsaha nendré;NON;zahou chokou andéha;NON;
expressions;Moins cher s'il vous plaît;nissi miya ouchoukidzé;NON;zahou mangataka koupoungouza naou kima;NON;
expressions;Montre-moi;néssédzéyé;NON;ampizaha zahou;NON;
expressions;Où sommes-nous;ra havi;NON;atsika yétou aya;NON;
expressions;Pouvez-vous m'aider ?;ni sayidié vanou;NON;zahou mangataka moussada;NON;
expressions;Tout droit;hondzoha;NON;mahitsi;NON;
expressions;Trop cher;hali;NON;saroutrou;NON;
expressions;au milieu;hari;NON;angnivou;NON;
expressions;avoir la haine;outoukiwa;NON;marari rohou;NON;
expressions;bienvenu;oukaribissa;NON;karibou;NON;
expressions;combien ça coûte ?;kissajé;NON;hotri inou moi;NON;
expressions;convivialité;ouvoimoja;NON;ouvoimoja;NON;
expressions;entre aide;oussayidiyana;NON;moussada;NON;
expressions;faire crédit;oukopa;NON;midéni;NON;
expressions;j'ai mal;nissi kodza;NON;zahou marari;NON;
expressions;je ne me sens pas bien;tsissi fétré;NON;za maharengni nafoussoukou moïdéli;NON;
expressions;je ne peux pas;tsi chindri;NON;zahou tsi mahaleou;NON;
expressions;je suis perdu;tsi latsiha;NON;zahou véri;NON;
expressions;je t'aime;nissouhou vendza;NON;zahou mitia anaou;NON;
expressions;je veux manger;nissi miya chaoula;NON;zahou mila ihinagna;NON;
expressions;joie;fouraha;NON;aravouangna;NON;
expressions;montre moi;néssédzéyé;NON;ampizaha zahou;NON;
expressions;nounou;mlézi;NON;mlézi;NON;
expressions;où se trouve;ouparihanoua havi;NON;aya moi;NON;
expressions;où sommes nous;ra havi;NON;atsika yétou aya;NON;
expressions;quelqu'un de fiable;mwaminifou;NON;mwaminifou;NON;
expressions;respect;mastaha;NON;mastaha;NON;
expressions;s'il vous plaît;tafadali;NON;tafadali;NON;
expressions;secret;siri;NON;siri;NON;
expressions;À droite;houméni;NON;finana;NON;
expressions;À gauche;potroni;NON;kipotrou;NON;
famille;Ami;mwandzani;famille/Mwandzani.m4a;mwandzani;famille/Mwandzani.m4a;
famille;Famille;mdjamaza;famille/Mdjamaza.m4a;havagna;famille/Mdjamaza.m4a;
famille;Femme;mtroumama;famille/Mtroumama.m4a;viavi;famille/Mtroumama.m4a;
famille;Fille;mtroumama;famille/Mtroumama.m4a;viavi;famille/Mtroumama.m4a;
famille;Fille/femme;mtroumama;famille/Mtroumama.m4a;viavi;famille/Mtroumama.m4a;
famille;Frère;mwanagna;famille/Anadahi.m4a;anadahi;famille/Anadahi.m4a;
famille;Garçon;mtroubaba;famille/Garçon_homme_.m4a;lalahi;famille/Garçon_homme_.m4a;
famille;Garçon/homme;mtroubaba;famille/Mtroubaba.m4a;lalahi;famille/Mtroubaba.m4a;
famille;Grand frère;zouki mtroubaba;famille/Zouki mtroubaba.m4a;zoki lalahi;famille/Zouki mtroubaba.m4a;
famille;Grand-mère;coco;famille/Coco.m4a;dadi;famille/Coco.m4a;
famille;Grand-père;bacoco;famille/Bacoco.m4a;dadayi;famille/Bacoco.m4a;
famille;Grande sœur;Zouki mtroumché;famille/Zouki mtroumché.m4a;zoki viavi;famille/Zouki mtroumché.m4a;
famille;Homme;mtroubaba;famille/Garçon_homme_.m4a;lalahi;famille/Garçon_homme_.m4a;
famille;Jeune adulte;shababi;famille/shababi.m4a;shababi;famille/shababi.m4a;
famille;Madame;bwéni;famille/Viavi.m4a;viavi;famille/Viavi.m4a;
famille;Maman;mama;famille/Mama.m4a;mama;famille/Mama.m4a;
famille;Monsieur;mogné;famille/Lalahi.m4a;lalahi;famille/Lalahi.m4a;
famille;Oncle maternel;zama;famille/Zama.m4a;zama;famille/Zama.m4a;
famille;Oncle paternel;Baba titi bolé;famille/Baba titi-bolé.m4a;Baba heli bé;famille/Baba titi-bolé.m4a;
famille;Papa;baba;famille/Moinagna mtroubaba.m4a;baba;famille/Moinagna mtroubaba.m4a;
famille;Petit frère;moinagna mtroubaba;famille/Moinagna mtroubaba.m4a;zandri lalahi;famille/Moinagna mtroubaba.m4a;
famille;Petit garçon;mwana mtroubaba;famille/Mwana mtroubaba.m4a;zaza lalahi;famille/Mwana mtroubaba.m4a;
famille;Petite fille;mwana mtroumama;famille/Mwana mtroumama.m4a;zaza viavi;famille/Mwana mtroumama.m4a;
famille;Petite sœur;moinagna mtroumama;famille/Moinagna mtroumama.m4a;zandri viavi;famille/Moinagna mtroumama.m4a;
famille;Sœur;mwanagna;famille/Anabavi.m4a;anabavi;famille/Anabavi.m4a;
famille;Tante;mama titi/bolé;famille/Mama.m4a;nindri heli/bé;famille/Mama.m4a;
famille;Tante maternelle;mama titi bolé;famille/Mama titi-bolé.m4a;nindri heli bé;famille/Mama titi-bolé.m4a;
famille;Tante paternelle;Nguivavi;famille/Nguivavi.m4a;Angouvavi;famille/Nguivavi.m4a;
famille;Épouse oncle maternel;zena;famille/Zena.m4a;zena;famille/Zena.m4a;
grammaire;Agriculteur;mlimizi;NON;ampikapa;NON;
grammaire;Guide spirituel;cadhi;NON;cadhi;NON;
grammaire;Il/elle;wayé;NON;izi;NON;
grammaire;Ils/elles;wawo;NON;réou;NON;
grammaire;Imam;imamou;NON;imamou;NON;
grammaire;Je;wami;NON;zahou;NON;
grammaire;Le leur;yawo;NON;nindréou;NON;
grammaire;Le mien;yangou;NON;ninakahi;NON;
grammaire;Le nôtre;yatrou;NON;nintsika;NON;
grammaire;Le sien;yahé;NON;ninazi;NON;
grammaire;Le tien;yaho;NON;ninaou;NON;
grammaire;Le vôtre;yangnou;NON;ninaréou;NON;
grammaire;Maire;méra;NON;méra;NON;
grammaire;Nous;wasi;NON;atsika;NON;
grammaire;Professeur;foundi;NON;foundi;NON;
grammaire;Pêcheur;mlozi;NON;ampamintagna;NON;
grammaire;Tu;wawé;NON;anaou;NON;
grammaire;Voisin;djirani;NON;djirani;NON;
grammaire;Vous;wagnou;NON;anaréou;NON;
grammaire;Éleveur;mtsounga;NON;ampitsounga;NON;
grammaire;Élu;dhoimana;NON;dhoimana;NON;
maison;Ampoule;lalampou;NON;lalampou;NON;
maison;Assiette;sahani;NON;sahani;NON;
maison;Balai;péou;NON;famafa;NON;
maison;Bol;chicombé;NON;bacouli;NON;
maison;Buffet;biffé;NON;biffé;NON;
maison;Cartable/malette;mkoba;NON;mkoba;NON;
maison;Case;banga;NON;banga;NON;
maison;Chaise;chiri;NON;chiri;NON;
maison;Clôture;vala;NON;vala;NON;
maison;Coupe coupe;chombo;NON;chombou;NON;
maison;Cour;mraba;NON;lacourou;NON;
maison;Couteau;sembeya;NON;méssou;NON;
maison;Cuillère;soutrou;NON;sotrou;NON;
maison;Fenêtre;fénétri;NON;lafoumétara;NON;
maison;Fondation;houra;NON;koura;NON;
maison;Hache;soha;NON;famaki;NON;
maison;Lit;chtrandra;NON;koubani;NON;
maison;Louche;paou;NON;pow;NON;
maison;Lumière;mwengué;NON;mwengué;NON;
maison;Machette;m'panga;NON;ampanga;NON;
maison;Maison;nyoumba;NON;tragnou;NON;
maison;Marmite;gnoungou;NON;vilangni;NON;
maison;Matelas;godoro;NON;goudorou;NON;
maison;Miroir;chido;NON;kitarafa;NON;
maison;Mortier;chino;NON;légnou;NON;
maison;Mur;péssi;NON;riba;NON;
maison;Oreiller;mtsao;NON;hondagna;NON;
maison;Porte;mlango;NON;vavavaragna;NON;
maison;Sac;gouni;NON;gouni;NON;
maison;Seau;siyo;NON;siyo;NON;
maison;Table;latabou;NON;latabou;NON;
maison;Toilette;mrabani;NON;mraba;NON;
maison;Toiture;outro;NON;vovougnou;NON;
maison;Torche;pongé;NON;pongi;NON;
maison;Torche locale;gandilé/poutroupmax;NON;gandili/poutroupmax;NON;
maison;Vesselles;ziya;NON;hintagna;NON;
maison;Véranda;baraza;NON;baraza;NON;
nature;Arbre;mwiri;NON;kakazou;NON;
nature;Campagne/forêt;malavouni;NON;atihala;NON;
nature;Marée basse;maji yavo;NON;ranou mèki;NON;
nature;Marée haute;maji yamalé;NON;ranou fénou;NON;
nature;Mer;bahari;NON;bahari;NON;
nature;Mosquée;Mkiri;NON;Mkirini;NON;
nature;Pente;mlima;NON;boungou;NON;
nature;Pente/colline/mont;mlima;NON;boungou;NON;
nature;arbre à pain;m'frampé;NON;youdi ni frapé;NON;
nature;arc en ciel;mcacamba;NON;mcacamba;NON;
nature;bambou;m'bambo;NON;valiha;NON;
nature;bananier;trindari;NON;youdi ni hountsi;NON;
nature;baobab;m'bouyou;NON;youdi ni bouyou;NON;
nature;barrière de corail;caléni;NON;caléni;NON;
nature;branche;trahi;NON;trahi;NON;
nature;caillou/pierre/rocher;bwe;NON;vatou;NON;
nature;campagne/fôret;malavouni;NON;atihala;NON;
nature;canne à sucre;mouwoi;NON;fari;NON;
nature;chemin/sentier/parcours;ndzia;NON;lalagna;NON;
nature;cocotier;m'nadzi;NON;youdi ni vwoniou;NON;
nature;corail;soiyi;NON;soiyi;NON;
nature;fagot;kouni;NON;azoumati;NON;
nature;feuille;mawloini;NON;hayïtri;NON;
nature;fleur;foulera;NON;foulera;NON;
nature;herbe;malavou;NON;haïtri;NON;
nature;inondé;ourora;NON;dobou;NON;
nature;jacquier;m'fénissi;NON;youdi ni finéssi;NON;
nature;lune;mwézi;NON;fandzava;NON;
nature;mangrove;mhonko;NON;honkou;NON;
nature;manguier;m'manga;NON;youdi ni manga;NON;
nature;maré basse;maji yavo;NON;ranou méki;NON;
nature;maré haute;maji yamalé;NON;ranou fénou;NON;
nature;nuage;wingou;NON;vingou;NON;
nature;pente/coline/mont;mlima;NON;boungou;NON;
nature;pirogue;laka;NON;lakana;NON;
nature;plage;mtsangani;NON;fassigni;NON;
nature;plateau;bandra;NON;kétraka;NON;
nature;platier;kalé;NON;kaléni;NON;
nature;pluie;vhoua;NON;mahaléni;NON;
nature;pont;daradj;NON;daradj;NON;
nature;rivière;mouro;NON;mouroni;NON;
nature;rue/route;paré;NON;paré;NON;
nature;sable;mtsanga;NON;fasi;NON;
nature;sauvage;nyéha;NON;di;NON;
nature;sol;tsi;NON;tani;NON;
nature;soleil;jouwa;NON;zouva;NON;
nature;tempête;darouba;NON;tsikou;NON;
nature;terre;trotto;NON;fotaka;NON;
nature;tornade;ouzimouyi;NON;tsikou soulaimana;NON;
nature;vague;dhouja;NON;hou;NON;
nature;vedette;kwassa kwassa;NON;videti;NON;
nature;vent;pévo;NON;tsikou;NON;
nature;école;licoli;NON;licoli;NON;
nature;école coranique;shioni;NON;kioni;NON;
nature;érosion;padza;NON;padza;NON;
nature;étoile;gnora;NON;lakintagna;NON;
nombres;Cent;miya;nombres/Miya.m4a;zatou;nombres/Miya.m4a;
nombres;Cinq;tsano;nombres/Tsano.m4a;dimi;nombres/Tsano.m4a;
nombres;Cinquante;hamssini;nombres/Hamssini.m4a;dimimpoulou;nombres/Hamssini.m4a;
nombres;Deux;mbili;nombres/Mbili.m4a;aroyi;nombres/Mbili.m4a;
nombres;Dix;koumi;nombres/Koumi.m4a;Foulo;nombres/Foulou.m4a;
nombres;Dix-huit;koumi na nané;nombres/Koumi na nané.m4a;foulou valou ambi;nombres/Koumi na nané.m4a;
nombres;Dix-neuf;koumi na chendra;nombres/Koumi na chendra.m4a;foulou civi ambi;nombres/Koumi na chendra.m4a;
nombres;Dix-sept;koumi na saba;nombres/Koumi na saba.m4a;foulou fitou ambi;nombres/Koumi na saba.m4a;
nombres;Douze;koumi na mbili;nombres/Koumi na mbili.m4a;foulou aroyi ambi;nombres/Koumi na mbili.m4a;
nombres;Huit;nané;nombres/Nané.m4a;valou;nombres/Nané.m4a;
nombres;Neuf;chendra;nombres/Chendra.m4a;Civi;nombres/Civi.m4a;
nombres;Onze;koumi na moja;nombres/Koumi na moja.m4a;foulou areki ambi;nombres/Koumi na moja.m4a;
nombres;Quarante;arbahini;nombres/Arbahini.m4a;éfampoulou;nombres/Arbahini.m4a;
nombres;Quatorze;koumi na nhé;nombres/Koumi na nhé.m4a;foulou efatra ambi;nombres/Koumi na nhé.m4a;
nombres;Quatre;nhé;nombres/Nhé.m4a;efatra;nombres/Nhé.m4a;
nombres;Quatre-vingt-dix;toussuini;nombres/Toussuini.m4a;civiampulou;nombres/Toussuini.m4a;
nombres;Quatre-vingts;thamanini;nombres/Thamanini.m4a;valoumpoulou;nombres/Thamanini.m4a;
nombres;Quinze;koumi na tsano;nombres/Koumi na tsano.m4a;foulou dimi ambi;nombres/Koumi na tsano.m4a;
nombres;Seize;koumi na sita;nombres/Koumi na sita.m4a;foulou tchouta ambi;nombres/Koumi na sita.m4a;
nombres;Sept;saba;nombres/Saba.m4a;fitou;nombres/Saba.m4a;
nombres;Six;sita;nombres/Sita.m4a;tchouta;nombres/Sita.m4a;
nombres;Soixante;sitini;nombres/Sitini.m4a;tchoutampoulou;nombres/Sitini.m4a;
nombres;Soixante-dix;sabouini;nombres/Sabouini.m4a;fitoumpoulou;nombres/Sabouini.m4a;
nombres;Treize;koumi na trarou;nombres/Koumi na trarou.m4a;foulou telou ambi;nombres/Koumi na trarou.m4a;
nombres;Trente;thalathini;nombres/Thalathini.m4a;téloumpoulou;nombres/Thalathini.m4a;
nombres;Trois;trarou;nombres/Trarou.m4a;telou;nombres/Trarou.m4a;
nombres;Un;moja;nombres/Moja.m4a;areki;nombres/Areki.m4a;
nombres;Vingt;chirini;nombres/Chirini.m4a;arompoulou;nombres/Chirini.m4a;
nourriture;Ail;chouroungou foudjé;NON;doungoulou mvoudjou;NON;
nourriture;Ananas;nanassi;NON;mananassi;NON;
nourriture;Banane;trovi;NON;hountsi;NON;
nourriture;Banane au coco;trovi ya nadzi;NON;hountsi an voiniou;NON;
nourriture;Bouillon;woubou;NON;kouba;NON;
nourriture;Brède mafane;féliki mafana;NON;féliki mafana;NON;
nourriture;Brède manioc;mataba;NON;féliki mouhogou;NON;
nourriture;Brède morelle;féliki nyongo;NON;féliki angatsindra;NON;
nourriture;Brèdes;féliki;NON;féliki;NON;
nourriture;Brès patate douce;féliki batata;NON;féliki batata;NON;
nourriture;Ciboulette;chouroungou;NON;doungoulou ravigni;NON;
nourriture;Cumin;massala;NON;massala;NON;
nourriture;Curcuma;dzindzano;NON;tamoutamou;NON;
nourriture;Eau;maji;NON;ranou;NON;
nourriture;Gingembre;tsinguiziou;NON;sakéyi;NON;
nourriture;Gâteau;mharé;NON;moukari;NON;
nourriture;Lait;dzia;NON;rounounou;NON;
nourriture;Mandarine;madhandzé;NON;tsoha madzandzi;NON;
nourriture;Mangue;manga;NON;manga;NON;
nourriture;Manioc;mhogo;NON;mouhogou;NON;
nourriture;Noix de coco;nadzi;NON;voiniou;NON;
nourriture;Noix de coco fraîche;chijavou;NON;kidjavou;NON;
nourriture;Nourriture;chaoula;NON;hanigni;NON;
nourriture;Oignon;chouroungou;NON;doungoulou;NON;
nourriture;Orange;troundra;NON;tsoha;NON;
nourriture;Pain;dipé;NON;dipé;NON;
nourriture;Papaye;papaya;NON;poipoiya;NON;
nourriture;Patate douce;batata;NON;batata;NON;
nourriture;Piment;poutou;NON;pilipili;NON;
nourriture;Pois d'angole;tsouzi;NON;ambatri;NON;
nourriture;Poisson;fi;NON;lokou;NON;
nourriture;Poivre;bvilibvili manga;NON;vilivili;NON;
nourriture;Poulet;bawa;NON;mabawa;NON;
nourriture;Riz;tsoholé;NON;vari;NON;
nourriture;Riz au coco;tsoholé ya nadzi;NON;vari an voiniou;NON;
nourriture;Riz non décortiqué;melé;NON;vari tsivoidissa;NON;
nourriture;Sel;chingo;NON;sira;NON;
nourriture;Tamarin;ouhajou;NON;madirou kakazou;NON;
nourriture;Taro;majimbi;NON;majimbi;NON;
nourriture;Tomate;tamati;NON;matimati;NON;
nourriture;Un thé;maji ya moro;NON;ranou meyi;NON;
nourriture;Vanille;lavani;NON;lavani;NON;
nourriture;Viande;nhyama;NON;amboumati;NON;
nourriture;Œuf;joiyi;NON;antoudi;NON;
salutations;Au revoir;kwahéri;NON;maèva;NON;
salutations;Bonjour;kwezi;NON;kwezi;NON;
salutations;Bonne nuit;oukou wa hairi;NON;haligni tsara;NON;
salutations;Comment ça va;jéjé;NON;akori;NON;
salutations;Merci;marahaba;NON;marahaba;NON;
salutations;Non;an'ha;NON;an'ha;NON;
salutations;Oui;ewa;NON;iya;NON;
salutations;Ça va bien;fétré;NON;tsara;NON;
tradition;barbecue traditionnelle;voulé;traditions/Voulé.m4a;tonou vouli;traditions/Voulé.m4a;
tradition;boxe traditionnelle;mrengué;traditions/Mrengué.m4a;mouringui;traditions/Mrengué.m4a;
tradition;camper;tobé;traditions/Tobé.m4a;mitobi;traditions/Tobé.m4a;
tradition;chant mariage traditionnel;mlélezi;traditions/Mlélezi.m4a;mlélezi;traditions/Mlélezi.m4a;
tradition;chant religieux femme;déba;traditions/Déba.m4a;déba;traditions/Déba.m4a;
tradition;chant religieux homme;Moulidi/Dahira/dinahou;traditions/Moulidi_dahira_dinahou.m4a;Moulidi/Dahira/dinahou;traditions/Moulidi_dahira_dinahou.m4a;
tradition;chant religieux mixte;shengué/madjlis;traditions/Maoulida shengué-madjlis.m4a;maoulida shengué/madjlis;traditions/Maoulida shengué-madjlis.m4a;
tradition;chant traditionnelle;mgodro;traditions/Mgodro.m4a;mgodro;traditions/Mgodro.m4a;
tradition;cérémonie;shouhouli;traditions/Shouhouli.m4a;shouhouli;traditions/Shouhouli.m4a;
tradition;danse traditionnelle femme;mbiwi/wadhaha;traditions/Mbiwi-wadhaha.m4a;ambiw/wadhaha;traditions/Mbiwi-wadhaha.m4a;
tradition;danse traditionnelle mixte;shigoma;traditions/Shigoma.m4a;shigoma;traditions/Shigoma.m4a;
tradition;fiançailles;mafounguidzo;traditions/Mafounguidzo.m4a;mafounguidzo;traditions/Mafounguidzo.m4a;
tradition;grand mariage;manzaraka;traditions/Manzaraka.m4a;manzaraka;traditions/Manzaraka.m4a;
tradition;mariage;haroussi;traditions/Haroussi.m4a;haroussi;traditions/Haroussi.m4a;
tradition;rite de la pluie;mgourou;traditions/Mgourou.m4a;mgourou;traditions/Mgourou.m4a;
tradition;tamtam boeuf;ngoma ya nyombé;traditions/Ngoma ya nyombé.m4a;vala naoumbi;traditions/Ngoma ya nyombé.m4a;
transport;Avion;ndrègué;NON;roplani;NON;
transport;Barge;markabou;NON;markabou;NON;
transport;Motos;monto;NON;monto;NON;
transport;Pirogue;laka;NON;lakana;NON;
transport;Taxis;taxi;NON;taxi;NON;
transport;Vedettes;kwassa kwassa;NON;videti;NON;
transport;Vélos;bicycleti;NON;bicycleti;NON;
verbes;Abîmer;oumengna;NON;mandroubaka;NON;
verbes;Acheter;ounounoua;NON;mivanga;NON;
verbes;Aimer;ouvendza;NON;mitiya;NON;
verbes;Aller;ouendra;NON;mandeha;NON;
verbes;Allumer;oupatsa;NON;mikoupatsa;NON;
verbes;Amener/apporter;ouvinga;NON;mandèyi;NON;
verbes;Apprendre;oufoundriha;NON;midzorou;NON;
verbes;Arnaquer;ou ravi;NON;mangalatra;NON;
verbes;Arrêter;ouziya;NON;mitsahatra;NON;
verbes;Attendre;oulindra;NON;mandigni;NON;
verbes;Attraper;oubara;NON;missamboutrou;NON;
verbes;Avertir;outahadaricha;NON;mampahéyi;NON;
verbes;Balayer;ouhoundza;NON;mamafa;NON;
verbes;Boire;ounoua;NON;mindranou;NON;
verbes;Bouger;outsenguéléya;NON;mitéki;NON;
verbes;Changer;ougaoudza;NON;mamadiki;NON;
verbes;Combler;oufitsiya;NON;mankahampi;NON;
verbes;Commencer;ouhandrissa;NON;mitaponou;NON;
verbes;Comprendre;ouéléwa;NON;kouéléwa;NON;
verbes;Connaître;oujoua;NON;méhèyi;NON;
verbes;Couper;oukatra;NON;manapaka;NON;
verbes;Couper du bois;oupasouha kuni;NON;mamaki azoumati;NON;
verbes;Courir;wendra mbiyo;NON;miloumeyi;NON;
verbes;Cracher;outra marré;NON;mandrora;NON;
verbes;Creuser;outsimba;NON;mangadi;NON;
verbes;Croire;ouamini;NON;koimini;NON;
verbes;Cueillir;oupoua;NON;mampoka;NON;
verbes;Cuisiner;oupiha;NON;mahandrou;NON;
verbes;Cultiver;oulima;NON;mikapa;NON;
verbes;Danser;ouzina;NON;mitsindzaka;NON;
verbes;Demander;oudzissa;NON;magnoutani;NON;
verbes;Devenir;ougawouha;NON;mivadiki;NON;
verbes;Devoir;oulazimou;NON;tokoutrou;NON;
verbes;Dire;ourongoa;NON;mangnabara;NON;
verbes;Donner;ouva;NON;magnamiya;NON;
verbes;Dormir;oulala;NON;mandri;NON;
verbes;Embrasser;ounouka;NON;mihoroukou;NON;
verbes;Entrer;ounguiya;NON;mihiditri;NON;
verbes;Essayer;oudjérébou;NON;mikoudjérébou;NON;
verbes;Essuyer;ouvangouha;NON;mamitri;NON;
verbes;Faire caca;ougna madzi;NON;manguéri;NON;
verbes;Faire le lit;ouhodza;NON;mandzari koubani;NON;
verbes;Faire pipi;ougna kojo;NON;mamani;NON;
verbes;Faire sécher;ouhoumisa;NON;manapi;NON;
verbes;Fermer;oubala;NON;migadra;NON;
verbes;Finir;oumalidza;NON;mankéfa;NON;
verbes;Flatuler;oujamba;NON;manguétoutrou;NON;
verbes;Frapper;ourema;NON;mamangou;NON;
verbes;Gratter;oukouwa;NON;mihotrou;NON;
verbes;Griller;ouwoha;NON;mitonou;NON;
verbes;Informer;oujoudza;NON;mangnabara;NON;
verbes;Jeter;ouvoutsa;NON;manopi;NON;
verbes;Jouer;oungadza;NON;msoma;NON;
verbes;Laisser;oulicha;NON;mangnambéla;NON;
verbes;Lire;ousoma;NON;midzorou;NON;
verbes;Manger;oudhya;NON;mihinagna;NON;
verbes;Marcher;ouendra;NON;mandéha;NON;
verbes;Mettre;outria;NON;mangnanou;NON;
verbes;Mordre;ouka magno;NON;mangnékitri;NON;
verbes;Ouvrir;ouboua;NON;mampibiyangna;NON;
verbes;Paraître;ouwonehoua;NON;ouhitagna;NON;
verbes;Parler;oulagoua;NON;mivoulangna;NON;
verbes;Passer;ouvira;NON;mihomba;NON;
verbes;Peindre;ouvaha;NON;magnossoutrou;NON;
verbes;Penser;oufikiri;NON;midzéri;NON;
verbes;Piler;oudoudoua;NON;mandissa;NON;
verbes;Planter;outabou;NON;mamboli;NON;
verbes;Pouvoir;ouchindra;NON;mahaléou;NON;
verbes;Prendre;ourenga;NON;mangala;NON;
verbes;Ranger/arranger;ourenguélédza;NON;magnadzari;NON;
verbes;Rapprocher;outsenguéléya;NON;magnatougnou;NON;
verbes;Rester;ouketsi;NON;mipétraka;NON;
verbes;Réchauffer;ouhelesedza;NON;mamana;NON;
verbes;Récolter;ouvouna;NON;mampoka;NON;
verbes;Répondre;oudjibou;NON;mikoudjibou;NON;
verbes;Réussir;ouchindra;NON;mahaléou;NON;
verbes;S'asseoir;ouketsi;NON;mipétraka;NON;
verbes;Sauter;ouarouka;NON;mivongna;NON;
verbes;Savoir;oujoua;NON;méhèyi;NON;
verbes;Se baigner;ouhowa;NON;misséki;NON;
verbes;Se laver;ouhowa;NON;misséki;NON;
verbes;Se laver le derrière;outsamba;NON;mambouyi;NON;
verbes;Se peigner;oupengné;NON;mipèngni;NON;
verbes;Se rappeler;oumaézi;NON;koufahamou;NON;
verbes;Se raser;oumea ndrevu;NON;manapaka somboutrou;NON;
verbes;Sembler;oufana;NON;mamhiragna;NON;
verbes;Sortir;oulawa;NON;miboka;NON;
verbes;Suivre;oulounga;NON;mangnaraka;NON;
verbes;Tenir;oussika;NON;mitana;NON;
verbes;Tomber;oupouliha;NON;latsaka;NON;
verbes;Traverser;ouchiya;NON;mitsaka;NON;
verbes;Tremper;oulodza;NON;mandzoubougnou;NON;
verbes;Tresser;oussouka;NON;mitali/mandrari;NON;
verbes;Trouver;oupara;NON;mahazou;NON;
verbes;Tuer;ouwoula;NON;mamounou;NON;
verbes;Vendre;ouhoudza;NON;mandafou;NON;
verbes;Venir;ouja;NON;havi;NON;
verbes;Vivre;ouyinchi;NON;mikouènchi;NON;
verbes;Voir;ouona;NON;mahita;NON;
verbes;Vomir;ou raviha;NON;mandouwa;NON;
verbes;Vouloir;outsaha;NON;chokou;NON;
verbes;Écouter;ouvoulikia;NON;mitangréngni;NON;
verbes;Écrire;ouhanguiha;NON;mikouandika;NON;
verbes;Éteindre;ouzima;NON;mamounou;NON;
verbes;Étendre au soleil;ouaniha;NON;manapi;NON;
vetements;Baskets/sneakers;magochi;NON;magochi;NON;
vetements;Chapeau;kofia;NON;koufia;NON;
vetements;Chaussures;kabwa;NON;kabwa;NON;
vetements;Chemise;chimizi;NON;chimizi;NON;
vetements;Haut de salouva;body;NON;body;NON;
vetements;Jupe;jipo;NON;jipou;NON;
vetements;Kamiss/boubou;candzou bolé;NON;ancandzou bé;NON;
vetements;Pantalon;sourouali;NON;sourouali;NON;
vetements;Robe;robo;NON;robou;NON;
vetements;Salouva;salouva;NON;slouvagna;NON;
vetements;Short;kaliso;NON;kaliso;NON;
vetements;Sous vêtement;silipou;NON;silipou;NON;
vetements;T shirt;kandzou;NON;ancandzou;NON;
vetements;Tongs;sapatri;NON;kabwa sapatri;NON;
vetements;Voile;kichali;NON;kichali;NON;
vetements;Vêtement;ngouwo;NON;ancandzou;NON;
